case,z,y,x,lung,delta,dc,fab,era
CT00000100,0,128,128,0.220159912109375,-2.7480116114020348,0.08270513266324997,0,0
CT00000100,0,128,256,0.243603515625,-12.956649996340275,0.12751711905002594,0,0
CT00000100,0,192,128,0.2139404296875,-10.588027536869049,0.09080829471349716,1,1
CT00000100,40,64,64,0.6221923828125,-6.891200318932533,0.08390787243843079,0,0
CT00000100,40,64,128,0.62113037109375,-4.325914196670055,0.0723559632897377,0,0
CT00000100,40,64,192,0.6860595703125,-3.327928949147463,0.07438424229621887,1,3
CT00000100,40,64,256,0.646929931640625,-6.295586470514536,0.08044459670782089,0,2
CT00000100,40,128,64,0.976275634765625,-0.6740085082128644,0.13495545089244843,0,2
CT00000100,40,128,128,0.655853271484375,1.1846702545881271,0.043816786259412766,1,3
CT00000100,40,128,192,0.4593017578125,0.0873906392371282,0.038451071828603745,0,0
CT00000100,40,128,256,0.98529052734375,-0.4843462957069278,0.1333325058221817,0,1
CT00000100,40,192,64,0.764923095703125,-3.788535948842764,0.056504376232624054,1,2
CT00000100,40,192,128,0.57403564453125,-5.537250079214573,0.04938354343175888,1,1
CT00000100,40,192,192,0.422149658203125,-7.332362700253725,0.05066433176398277,0,1
CT00000100,40,192,256,0.717132568359375,-4.893142729997635,0.05959903448820114,2,1
CT00000100,80,0,64,0.232427978515625,-3.037580754607916,0.0530843622982502,0,0
CT00000100,80,0,128,0.2664306640625,-2.3477671202272177,0.04960067570209503,1,1
CT00000100,80,0,192,0.214013671875,-1.6880134353414178,0.05065259709954262,0,0
CT00000100,80,0,256,0.2459228515625,-4.389948211610317,0.06339118629693985,0,0
CT00000100,80,64,0,0.257183837890625,-6.064835470169783,0.0760900154709816,0,0
CT00000100,80,64,64,0.9781005859375,0.600971223320812,0.12443850189447403,0,0
CT00000100,80,64,128,0.455755615234375,0.3887090424541384,0.04833546653389931,0,0
CT00000100,80,64,256,0.9388427734375,-0.020628176571335644,0.1028050109744072,1,2
CT00000100,80,128,0,0.441204833984375,-6.146448664367199,0.059460632503032684,0,0
CT00000100,80,128,64,0.99586181640625,1.9282761495560408,0.13260099291801453,0,1
CT00000100,80,128,128,0.478387451171875,0.429456471465528,0.05930846557021141,0,2
CT00000100,80,128,256,0.94869384765625,0.7113543106243014,0.10668244957923889,1,1
CT00000100,80,192,64,0.909625244140625,-0.8637282298877835,0.06540378928184509,1,2
CT00000100,80,192,128,0.62349853515625,-4.579414613544941,0.044540952891111374,0,0
CT00000100,80,192,192,0.39576416015625,-5.307918414473534,0.04379745200276375,0,0
CT00000100,80,192,256,0.9197021484375,-0.5725121591240168,0.07256878912448883,0,3
CT00000100,120,0,64,0.524078369140625,-1.72554946038872,0.035089366137981415,0,0
CT00000100,120,0,256,0.295709228515625,-2.1623442880809307,0.044394299387931824,0,0
CT00000100,120,64,0,0.51754150390625,-5.971010774374008,0.059252072125673294,1,1
CT00000100,120,64,64,0.9971435546875,0.9934967383742332,0.15902327001094818,0,0
CT00000100,120,64,256,0.652447509765625,0.6221486255526543,0.04293171316385269,0,0
CT00000100,120,128,0,0.558721923828125,-5.585414357483387,0.05385778844356537,2,0
CT00000100,120,128,64,0.997747802734375,0.7232268690131605,0.13149116933345795,0,1
CT00000100,120,128,128,0.604638671875,-0.673969101626426,0.0601494275033474,0,1
CT00000100,120,128,256,0.938787841796875,0.7727493066340685,0.07351387292146683,0,1
CT00000100,120,192,64,0.927008056640625,-1.1243136832490563,0.0827254205942154,2,1
CT00000100,120,192,128,0.52320556640625,-5.974956788122654,0.04791787639260292,0,1
CT00000100,120,192,192,0.479058837890625,-6.102839019149542,0.04368007183074951,0,2
CT00000100,120,192,256,0.929443359375,-0.8616549894213676,0.08385682851076126,2,1
CT00000100,160,0,64,0.31251220703125,-1.0661690030246973,0.045162223279476166,0,0
CT00000100,160,0,256,0.20601806640625,-1.0336438426747918,0.04255157709121704,0,0
CT00000100,160,64,0,0.235882568359375,-5.017293617129326,0.08127100765705109,0,0
CT00000100,160,64,256,0.43499755859375,-0.6493064574897289,0.06216167286038399,0,1
CT00000100,160,128,0,0.37828369140625,-4.812387283891439,0.07168859243392944,2,1
CT00000100,160,128,64,0.460101318359375,-0.997000141069293,0.05375662073493004,0,0
CT00000100,160,128,128,0.4716552734375,-0.45347449486143887,0.038440145552158356,2,3
CT00000100,160,128,192,0.49720458984375,-0.6994522991590202,0.046386003494262695,1,0
CT00000100,160,128,256,0.9002685546875,0.7484866655431688,0.08971679955720901,0,1
CT00000100,160,192,0,0.261236572265625,-4.769858904182911,0.06234784796833992,0,1
CT00000100,160,192,64,0.9040283203125,-0.7530167349614203,0.08141998201608658,1,0
CT00000100,160,192,128,0.38785400390625,-7.5855860486626625,0.051590923219919205,0,0
CT00000100,160,192,192,0.4401123046875,-7.519696373492479,0.05161357671022415,1,0
CT00000100,160,192,256,0.88985595703125,-1.1966731399297714,0.068034328520298,1,4
CT00000100,200,128,192,0.251953125,-0.3486640052869916,0.06130753085017204,0,0
CT00000100,200,128,256,0.20621337890625,0.654801435302943,0.13504357635974884,0,0
CT00000100,200,192,64,0.28363037109375,-2.212830586358905,0.05757506564259529,1,0
CT00000100,200,192,192,0.21368408203125,-6.321595516055822,0.06770332157611847,0,0
CT00000100,200,192,256,0.4064208984375,-1.8429276533424854,0.0689631775021553,2,1
CT00000101,40,64,64,0.419073486328125,-6.417574360966682,0.08445192128419876,0,1
CT00000101,40,64,128,0.27784423828125,-6.502952426671982,0.07299432158470154,0,1
CT00000101,40,64,192,0.40858154296875,-6.24666316434741,0.07234585285186768,1,1
CT00000101,40,64,256,0.410394287109375,-7.526349276304245,0.0982900857925415,0,0
CT00000101,40,128,64,0.8959716796875,-2.624280983582139,0.10446351021528244,2,0
CT00000101,40,128,128,0.69788818359375,-0.8152914233505726,0.04318266361951828,0,0
CT00000101,40,128,192,0.585247802734375,-1.7695981077849865,0.04300100728869438,0,0
CT00000101,40,128,256,0.905523681640625,-2.868745708838105,0.10497646778821945,0,0
CT00000101,40,192,64,0.325909423828125,-8.995909243822098,0.0597945973277092,0,0
CT00000101,40,192,256,0.22503662109375,-8.396567776799202,0.0665489211678505,1,1
CT00000101,80,64,64,0.9106201171875,-2.0774102304130793,0.0935438871383667,1,2
CT00000101,80,64,128,0.44150390625,0.5356820183806121,0.03677342087030411,0,1
CT00000101,80,64,192,0.50675048828125,0.6254109321162105,0.05128397047519684,1,0
CT00000101,80,64,256,0.95633544921875,0.08444855484412983,0.0958053469657898,0,0
CT00000101,80,128,0,0.358935546875,-4.582853522151709,0.0443861186504364,1,0
CT00000101,80,128,64,0.99586181640625,1.1401359224691987,0.16511137783527374,3,1
CT00000101,80,128,128,0.538055419921875,0.39090655627660453,0.0551716573536396,0,1
CT00000101,80,128,192,0.28443603515625,-0.551284640096128,0.040011338889598846,0,1
CT00000101,80,128,256,0.9821533203125,0.9166884701699018,0.10436203330755234,1,0
CT00000101,80,192,64,0.633929443359375,-5.8575039729475975,0.05185730382800102,0,1
CT00000101,80,192,128,0.335247802734375,-7.532109506428242,0.0561191625893116,0,3
CT00000101,80,192,192,0.2060302734375,-7.359558250755072,0.05841059982776642,2,2
CT00000101,80,192,256,0.504876708984375,-5.549205467104912,0.04842572286725044,0,1
CT00000101,120,0,64,0.34033203125,-1.01481715682894,0.033877816051244736,1,0
CT00000101,120,0,256,0.427655029296875,-2.0929351449012756,0.04029448330402374,0,1
CT00000101,120,64,0,0.36270751953125,-4.117465578019619,0.046688735485076904,1,1
CT00000101,120,64,64,0.997509765625,0.7388863014057279,0.1423836201429367,0,2
CT00000101,120,64,256,0.954901123046875,1.1002979008480906,0.09084470570087433,1,1
CT00000101,120,128,0,0.52490234375,-5.195002071559429,0.04832145571708679,0,1
CT00000101,120,128,64,0.991778564453125,1.4617262640967965,0.10089940577745438,2,0
CT00000101,120,128,128,0.608404541015625,-0.3076842112932354,0.05286579951643944,0,0
CT00000101,120,128,192,0.2689208984375,-0.6443479796871543,0.05032556876540184,1,1
CT00000101,120,128,256,0.97529296875,1.4485175488516688,0.09312323480844498,0,1
CT00000101,120,192,64,0.805224609375,-3.2389359548687935,0.059461746364831924,0,0
CT00000101,120,192,128,0.41165771484375,-7.166013587266207,0.050270743668079376,0,2
CT00000101,120,192,192,0.259368896484375,-7.626570761203766,0.05348548665642738,2,1
CT00000101,120,192,256,0.63896484375,-4.194670356810093,0.052838560193777084,1,0
CT00000101,160,0,64,0.295947265625,-1.220587408170104,0.03903339430689812,0,1
CT00000101,160,0,256,0.374859619140625,-1.8603727221488953,0.03716329485177994,0,1
CT00000101,160,64,0,0.4991943359375,-3.7846227642148733,0.048198577016592026,1,1
CT00000101,160,64,64,0.736749267578125,-0.36040227860212326,0.06849043071269989,1,0
CT00000101,160,64,256,0.878204345703125,-0.329528033034876,0.060582637786865234,0,1
CT00000101,160,128,0,0.634375,-3.4908782690763474,0.046585991978645325,0,0
CT00000101,160,128,64,0.93304443359375,0.25684063439257443,0.10756786167621613,0,0
CT00000101,160,128,128,0.728887939453125,-0.5613146349787712,0.043525125831365585,0,0
CT00000101,160,128,192,0.550714111328125,-0.5311085842549801,0.032378263771533966,1,3
CT00000101,160,128,256,1.0,1.0044050868600607,0.11909366399049759,2,2
CT00000101,160,192,64,0.801361083984375,-2.479870803654194,0.0536002591252327,0,0
CT00000101,160,192,128,0.376171875,-6.582418456673622,0.047253869473934174,0,2
CT00000101,160,192,192,0.23594970703125,-7.993750274181366,0.0538993775844574,0,0
CT00000101,160,192,256,0.6131103515625,-3.313463181257248,0.04344334825873375,1,0
CT00000101,200,128,0,0.210791015625,-2.6613909285515547,0.060395240783691406,0,1
CT00000101,200,128,128,0.3328857421875,-0.7529360591433942,0.04052849858999252,0,0
CT00000101,200,128,192,0.412982177734375,-0.8282950147986412,0.04324011132121086,2,0
CT00000101,200,128,256,0.529510498046875,0.25883910711854696,0.060971539467573166,1,0
CT00000101,200,192,64,0.608294677734375,-1.2496787821874022,0.04236794635653496,0,1
CT00000101,200,192,128,0.303277587890625,-4.920247942209244,0.04351324960589409,0,0
CT00000101,200,192,256,0.48662109375,-1.8058426212519407,0.040089961141347885,1,0
CT00000102,0,128,128,0.390008544921875,-10.903097689151764,0.08860016614198685,1,0
CT00000102,40,64,64,0.588470458984375,-5.71496831253171,0.08337685465812683,2,0
CT00000102,40,64,128,0.700726318359375,-2.602785127237439,0.06046281009912491,0,0
CT00000102,40,64,192,0.454248046875,-1.4687790535390377,0.04295441135764122,1,0
CT00000102,40,64,256,0.747802734375,-4.3605961836874485,0.08068051934242249,2,0
CT00000102,40,128,64,0.83929443359375,-4.641850013285875,0.0873226746916771,0,1
CT00000102,40,128,128,0.907659912109375,-0.234360370086506,0.056079503148794174,0,0
CT00000102,40,128,192,0.484027099609375,-4.793609958142042,0.04406076297163963,0,0
CT00000102,40,128,256,0.854937744140625,0.5268572713248432,0.10473961383104324,1,0
CT00000102,80,0,64,0.34576416015625,-1.9496746826916933,0.04947058856487274,0,0
CT00000102,80,0,128,0.399566650390625,-1.773995696566999,0.04179944097995758,0,0
CT00000102,80,0,192,0.243658447265625,-2.399696037173271,0.048730287700891495,1,0
CT00000102,80,0,256,0.351287841796875,-1.6126763075590134,0.04771411791443825,1,0
CT00000102,80,64,0,0.26806640625,-4.873847588896751,0.06880803406238556,1,0
CT00000102,80,64,64,0.993121337890625,1.100913155823946,0.16537778079509735,0,0
CT00000102,80,64,128,0.630474853515625,1.1237756116315722,0.051865097135305405,0,1
CT00000102,80,64,192,0.307379150390625,-0.5878001684322953,0.050923995673656464,0,0
CT00000102,80,64,256,0.986407470703125,1.6739756101742387,0.14080269634723663,0,1
CT00000102,80,128,0,0.24013671875,-6.452618166804314,0.0581977441906929,0,1
CT00000102,80,128,64,0.997198486328125,1.1033129412680864,0.16582155227661133,1,4
CT00000102,80,128,128,0.902825927734375,0.15497879940085113,0.06849902868270874,1,2
CT00000102,80,128,192,0.28526611328125,-1.642147428356111,0.03410203009843826,0,0
CT00000102,80,128,256,0.986761474609375,1.2267408892512321,0.12684404850006104,1,0
CT00000102,120,0,64,0.613836669921875,-0.9489897638559341,0.03113643079996109,2,1
CT00000102,120,0,128,0.37091064453125,-1.4299198519438505,0.038772180676460266,0,0
CT00000102,120,0,256,0.58258056640625,-0.5341684445738792,0.03288402408361435,0,0
CT00000102,120,64,0,0.483831787109375,-4.61394852027297,0.054509397596120834,0,0
CT00000102,120,64,64,0.996630859375,1.382953836582601,0.16120214760303497,0,1
CT00000102,120,64,128,0.37301025390625,0.11124156299047172,0.05057292431592941,0,1
CT00000102,120,64,256,0.932745361328125,0.9277991484850645,0.09490448981523514,0,1
CT00000102,120,128,0,0.373126220703125,-6.5673901699483395,0.058550722897052765,2,0
CT00000102,120,128,64,0.993719482421875,1.3045957311987877,0.1355801373720169,0,1
CT00000102,120,128,128,0.83817138671875,-0.08595323015470058,0.06807905435562134,0,0
CT00000102,120,128,192,0.31494140625,-1.0020723566412926,0.034625738859176636,1,0
CT00000102,120,128,256,0.95198974609375,1.1388601269572973,0.08309535682201385,1,2
CT00000102,160,0,64,0.685467529296875,-0.741866824682802,0.0373217947781086,2,0
CT00000102,160,0,256,0.339251708984375,-1.0069375857710838,0.0328856036067009,0,0
CT00000102,160,64,0,0.572802734375,-4.466651473194361,0.05034339055418968,0,2
CT00000102,160,64,64,1.0,0.8898692904040217,0.14910556375980377,0,1
CT00000102,160,64,128,0.44508056640625,0.3568480897229165,0.031322382390499115,0,0
CT00000102,160,64,256,0.658892822265625,0.3034624387510121,0.035633038729429245,0,0
CT00000102,160,128,0,0.53050537109375,-4.050073213875294,0.05138388276100159,2,0
CT00000102,160,128,64,1.0,1.1223478941246867,0.13270559906959534,0,1
CT00000102,160,128,128,0.8190185546875,-0.8728447719477117,0.04580524191260338,2,1
CT00000102,160,128,192,0.471966552734375,-1.5844713198021054,0.025855351239442825,1,1
CT00000102,160,128,256,1.0,0.8160354918800294,0.10655377060174942,1,0
CT00000102,200,0,64,0.279150390625,-0.8445051498711109,0.043256960809230804,0,2
CT00000102,200,64,0,0.522369384765625,-2.623289357870817,0.05463508144021034,1,1
CT00000102,200,64,64,0.438037109375,-1.345714321359992,0.05452754348516464,0,0
CT00000102,200,64,128,0.21922607421875,-1.0646083392202854,0.04786501079797745,1,0
CT00000102,200,64,192,0.213592529296875,-0.3017337585333735,0.05411091446876526,0,2
CT00000102,200,64,256,0.682977294921875,-0.6893373792991042,0.0643647089600563,1,0
CT00000102,200,128,0,0.578729248046875,-2.228996017947793,0.054368484765291214,0,0
CT00000102,200,128,64,0.7323974609375,-0.6386955501511693,0.0748353824019432,0,0
CT00000102,200,128,128,0.68424072265625,-1.6883253119885921,0.05029887706041336,0,1
CT00000102,200,128,192,0.51065673828125,-1.7324619693681598,0.03710012137889862,0,1
CT00000102,200,128,256,0.952301025390625,-0.08692746632732451,0.09701148420572281,0,0
CT00000103,0,192,256,0.220220947265625,-2.7262484654784203,0.05085235834121704,0,2
CT00000103,40,0,64,0.316015625,-1.6733366064727306,0.04677130654454231,2,1
CT00000103,40,64,0,0.471588134765625,-3.18872625939548,0.05072028934955597,0,0
CT00000103,40,64,64,0.2480224609375,-4.196683876216412,0.0626264289021492,0,0
CT00000103,40,64,256,0.250830078125,-1.0762119200080633,0.0690031573176384,1,0
CT00000103,40,64,320,0.501824951171875,-0.6935364799574018,0.07033298909664154,1,0
CT00000103,40,128,0,0.5192138671875,-2.5622332468628883,0.050084538757801056,0,1
CT00000103,40,128,64,0.57923583984375,-2.454956993460655,0.054338905960321426,0,0
CT00000103,40,128,128,0.784259033203125,-0.8671220275573432,0.05067852512001991,1,0
CT00000103,40,128,192,0.43502197265625,-1.6797797288745642,0.0247149970382452,0,1
CT00000103,40,128,256,0.730078125,-1.0740113211795688,0.061193760484457016,2,0
CT00000103,40,128,320,0.664959716796875,-0.9837700054049492,0.06721929460763931,2,0
CT00000103,40,192,64,0.6796875,-2.0866908598691225,0.04724447429180145,0,0
CT00000103,40,192,128,0.324627685546875,-5.684229079633951,0.05075835436582565,0,1
CT00000103,40,192,256,0.68668212890625,-2.505890792235732,0.050564371049404144,2,0
CT00000103,40,192,320,0.4620849609375,-2.0025004632771015,0.040251731872558594,1,0
CT00000103,80,0,64,0.691546630859375,-0.4533156752586365,0.033000119030475616,0,0
CT00000103,80,0,128,0.434503173828125,-0.8141982834786177,0.02909991145133972,1,1
CT00000103,80,0,320,0.284161376953125,-0.19106129184365273,0.031382426619529724,0,0
CT00000103,80,64,0,0.6215087890625,-2.840753411874175,0.043080877512693405,0,0
CT00000103,80,64,64,1.0,0.43054972775280476,0.16915263235569,0,0
CT00000103,80,64,128,0.529620361328125,0.5546917673200369,0.025261979550123215,0,0
CT00000103,80,64,256,0.305535888671875,1.2895656982436776,0.026964742690324783,0,0
CT00000103,80,64,320,0.9780029296875,0.5518480320461094,0.09108208864927292,2,3
CT00000103,80,128,0,0.623870849609375,-2.877255668863654,0.04545309767127037,0,1
CT00000103,80,128,64,0.9967041015625,0.9876308031380177,0.11991491168737411,1,0
CT00000103,80,128,128,0.900738525390625,-0.02027345726673957,0.07306291908025742,0,0
CT00000103,80,128,192,0.29764404296875,-0.8630469092167914,0.02683364599943161,0,0
CT00000103,80,128,256,0.932049560546875,0.9633711306378245,0.08150962740182877,2,2
CT00000103,80,128,320,0.995806884765625,0.8051685290411115,0.16217030584812164,0,0
CT00000103,80,192,64,0.827947998046875,-2.316946629434824,0.05582279711961746,1,0
CT00000103,80,192,128,0.489971923828125,-6.514827720820904,0.04691731557250023,1,0
CT00000103,80,192,256,0.887237548828125,-1.9861969631165266,0.06560494005680084,0,0
CT00000103,80,192,320,0.55279541015625,-4.183868877589703,0.0458417646586895,0,0
CT00000103,120,0,64,0.617425537109375,-0.9374938090331852,0.03464912250638008,1,1
CT00000103,120,0,128,0.54940185546875,-0.7424657233059406,0.03028789907693863,1,0
CT00000103,120,0,256,0.54676513671875,-0.7544041145592928,0.03764147683978081,1,1
CT00000103,120,64,0,0.552642822265625,-3.507144283503294,0.050507206469774246,0,1
CT00000103,120,64,64,1.0,1.4344877563416958,0.17260608077049255,1,0
CT00000103,120,64,128,0.5893310546875,0.3361068665981293,0.05356493219733238,0,1
CT00000103,120,64,256,0.700128173828125,-0.8906812872737646,0.06739800423383713,0,0
CT00000103,120,64,320,0.896575927734375,-0.8671758696436882,0.07555325329303741,2,0
CT00000103,120,128,0,0.56046142578125,-4.353356547653675,0.04389264062047005,2,2
CT00000103,120,128,64,0.99088134765625,0.9424445452168584,0.10976535081863403,0,0
CT00000103,120,128,128,0.7337646484375,0.2718871983233839,0.06459768116474152,0,1
CT00000103,120,128,256,0.86875,0.11263487976975739,0.09270577877759933,1,2
CT00000103,120,128,320,0.97060546875,0.11654765694402158,0.10099098086357117,1,0
CT00000103,120,192,64,0.838165283203125,-2.867085160687566,0.05364026501774788,3,0
CT00000103,120,192,128,0.54093017578125,-5.9171998873353004,0.044115159660577774,1,0
CT00000103,120,192,192,0.2471923828125,-7.374965585768223,0.04497159272432327,0,0
CT00000103,120,192,256,0.94486083984375,0.2729402622207999,0.09286213666200638,0,2
CT00000103,120,192,320,0.46490478515625,-6.261100526899099,0.05122413486242294,2,0
CT00000103,160,0,64,0.323785400390625,-2.4050045758485794,0.06224745884537697,0,2
CT00000103,160,0,128,0.33480224609375,-0.7633098866790533,0.04262688755989075,1,1
CT00000103,160,0,256,0.312750244140625,-0.34667030558921397,0.04471650347113609,0,0
CT00000103,160,64,0,0.323626708984375,-3.8390059489756823,0.06420969218015671,0,0
CT00000103,160,64,64,0.992816162109375,0.8727653184905648,0.18436336517333984,0,1
CT00000103,160,64,128,0.771282958984375,1.0914427693933249,0.05288336053490639,0,1
CT00000103,160,64,192,0.320428466796875,-0.597887672483921,0.03661297634243965,0,0
CT00000103,160,64,256,0.99921875,1.2845243327319622,0.1756744682788849,0,3
CT00000103,160,64,320,0.647186279296875,-3.4737251698970795,0.06605342775583267,2,0
CT00000103,160,128,0,0.410882568359375,-5.231416784226894,0.05072534829378128,1,0
CT00000103,160,128,64,1.0,1.5345769934356213,0.1871258169412613,0,1
CT00000103,160,128,128,0.8921142578125,0.045323446101974696,0.08023937046527863,0,0
CT00000103,160,128,256,0.936737060546875,0.7210626499727368,0.08192911744117737,1,1
CT00000103,160,128,320,0.800372314453125,-2.6066768914461136,0.05867967754602432,1,0
CT00000103,160,192,64,0.688128662109375,-6.1490098014473915,0.05695415288209915,1,1
CT00000103,160,192,128,0.46746826171875,-7.833265699446201,0.05409951135516167,4,0
CT00000103,160,192,192,0.244390869140625,-8.243226446211338,0.05383646488189697,1,0
CT00000103,160,192,256,0.827838134765625,-3.7397018168121576,0.0641620084643364,1,1
CT00000103,160,192,320,0.29278564453125,-7.181494031101465,0.05690133944153786,1,1
CT00000103,200,64,64,0.507208251953125,-4.484204575419426,0.08851143717765808,1,1
CT00000103,200,64,128,0.463214111328125,-3.8968631997704506,0.0629977434873581,0,0
CT00000103,200,64,192,0.20093994140625,-6.161170545965433,0.06615859270095825,0,1
CT00000103,200,64,256,0.60252685546875,-4.29895194247365,0.0872991606593132,1,0
CT00000103,200,128,64,0.78929443359375,-4.328817129135132,0.10574930906295776,0,1
CT00000103,200,128,128,0.917474365234375,0.5558612756431103,0.0677165687084198,1,1
CT00000103,200,128,192,0.43692626953125,-2.559615997597575,0.04503988102078438,0,1
CT00000103,200,128,256,0.976788330078125,-0.1266902545467019,0.166129931807518,1,0
CT00000103,200,128,320,0.357110595703125,-5.9950752183794975,0.08457235991954803,2,1
CT00000103,200,192,64,0.25909423828125,-8.913958445191383,0.07392265647649765,0,0
CT00000103,200,192,128,0.263067626953125,-7.969425059854984,0.06793122738599777,1,0
CT00000103,200,192,256,0.50416259765625,-7.51990731805563,0.0636378601193428,2,1
CT00000104,0,192,64,0.253729248046875,-2.2089912090450525,0.052214544266462326,1,0
CT00000104,40,64,0,0.506488037109375,-2.662498503923416,0.0503062978386879,1,0
CT00000104,40,64,320,0.515972900390625,-1.6585345147177577,0.06427961587905884,1,0
CT00000104,40,128,0,0.66573486328125,-2.7690220158547163,0.05126563832163811,0,1
CT00000104,40,128,64,0.5269775390625,-1.9527525873854756,0.04902734234929085,1,0
CT00000104,40,128,128,0.538037109375,-0.44836776214651763,0.04100087285041809,0,2
CT00000104,40,128,192,0.53836669921875,-0.5079454858787358,0.04268597811460495,2,1
CT00000104,40,128,256,0.4775390625,-0.880846637301147,0.05651239678263664,0,0
CT00000104,40,128,320,0.680316162109375,-1.4910423196852207,0.06307768076658249,0,0
CT00000104,40,192,0,0.3661376953125,-1.6332485247403383,0.03539459407329559,1,1
CT00000104,40,192,64,0.966876220703125,0.2698638418223709,0.10092157870531082,1,0
CT00000104,40,192,128,0.4480712890625,-4.76562837138772,0.035632550716400146,1,1
CT00000104,40,192,192,0.5988525390625,-3.9000827819108963,0.03620865195989609,0,0
CT00000104,40,192,256,0.909051513671875,-0.562004919629544,0.08281070739030838,0,0
CT00000104,40,192,320,0.604736328125,-2.209901576861739,0.047754235565662384,2,1
CT00000104,80,0,64,0.593585205078125,-0.6232779705896974,0.03777603432536125,0,0
CT00000104,80,0,128,0.41722412109375,-1.1772842844948173,0.039056066423654556,1,0
CT00000104,80,64,0,0.618377685546875,-2.896055346354842,0.047479357570409775,0,0
CT00000104,80,64,64,0.98187255859375,-0.3937997971661389,0.1440601795911789,0,2
CT00000104,80,64,128,0.388824462890625,0.35842752549797297,0.04657633602619171,0,0
CT00000104,80,64,320,0.69188232421875,-1.5245822723954916,0.052576567977666855,2,2
CT00000104,80,128,0,0.716650390625,-2.780919661745429,0.052189901471138,0,0
CT00000104,80,128,64,1.0,0.9097243309952319,0.1261647492647171,0,2
CT00000104,80,128,128,0.814056396484375,1.0943934321403503,0.05133775249123573,0,1
CT00000104,80,128,192,0.25296630859375,0.9907230269163847,0.036969948559999466,1,0
CT00000104,80,128,256,0.632855224609375,1.5003038570284843,0.04743517190217972,1,2
CT00000104,80,128,320,0.87767333984375,-1.8960339948534966,0.06942420452833176,1,1
CT00000104,80,192,0,0.38975830078125,-2.8350839857012033,0.04219643771648407,2,1
CT00000104,80,192,64,0.998529052734375,1.2491552624851465,0.187064528465271,2,0
CT00000104,80,192,128,0.514349365234375,-4.154701717197895,0.0358087457716465,1,0
CT00000104,80,192,192,0.596087646484375,-3.163430839776993,0.03520556539297104,1,2
CT00000104,80,192,256,1.0,1.173091703094542,0.11912121623754501,1,1
CT00000104,80,192,320,0.5609375,-2.421415178105235,0.046204596757888794,0,0
CT00000104,120,0,64,0.595196533203125,-0.7088875281624496,0.028987735509872437,1,1
CT00000104,120,0,128,0.515435791015625,-1.3339766301214695,0.033044613897800446,0,1
CT00000104,120,0,256,0.267144775390625,-0.3850092471111566,0.041815660893917084,0,0
CT00000104,120,64,0,0.479949951171875,-3.432672005146742,0.04852321371436119,1,0
CT00000104,120,64,64,1.0,1.310992636717856,0.15476565062999725,0,1
CT00000104,120,64,128,0.410675048828125,0.35401401692070067,0.04326784610748291,0,2
CT00000104,120,64,256,0.36693115234375,-0.9213950834237039,0.04684394970536232,0,0
CT00000104,120,64,320,0.64161376953125,-2.185678342357278,0.050870392471551895,1,1
CT00000104,120,128,0,0.59202880859375,-3.876558504998684,0.0514933317899704,1,0
CT00000104,120,128,64,0.9770263671875,0.4049362614750862,0.08602346479892731,1,0
CT00000104,120,128,128,0.598333740234375,1.2699960498139262,0.05616094917058945,1,1
CT00000104,120,128,256,0.741436767578125,-0.23106446315068752,0.05672036111354828,0,2
CT00000104,120,128,320,0.730694580078125,-3.457398619502783,0.055616799741983414,0,0
CT00000104,120,192,0,0.29388427734375,-4.715452902019024,0.05041287839412689,1,0
CT00000104,120,192,64,0.995947265625,0.9560834150761366,0.160072922706604,3,0
CT00000104,120,192,128,0.54476318359375,-3.79113107919693,0.0362335704267025,1,1
CT00000104,120,192,192,0.43021240234375,-2.491895342245698,0.036447398364543915,1,0
CT00000104,120,192,256,0.993719482421875,1.303460798226297,0.11439564824104309,0,0
CT00000104,120,192,320,0.419561767578125,-5.150200799107552,0.051770709455013275,1,0
CT00000104,160,0,64,0.358233642578125,-2.22418294288218,0.05147438868880272,2,1
CT00000104,160,0,128,0.370819091796875,-0.5605840124189854,0.03288155794143677,0,0
CT00000104,160,0,256,0.219403076171875,-0.27959959697909653,0.03288336470723152,1,0
CT00000104,160,64,0,0.37366943359375,-3.355712164193392,0.0518975593149662,2,0
CT00000104,160,64,64,0.997406005859375,1.2470113579183817,0.18463581800460815,0,0
CT00000104,160,64,128,0.54864501953125,1.4208682114258409,0.03730782866477966,1,0
CT00000104,160,64,192,0.330548095703125,-0.34475288703106344,0.0415152832865715,0,0
CT00000104,160,64,256,0.97999267578125,0.1363383635180071,0.14221513271331787,1,1
CT00000104,160,64,320,0.386614990234375,-1.983892871066928,0.05039689689874649,1,0
CT00000104,160,128,0,0.518768310546875,-3.75096732750535,0.04741566255688667,0,0
CT00000104,160,128,64,0.999755859375,1.2424300657585263,0.14699935913085938,0,1
CT00000104,160,128,128,0.62659912109375,0.4437534080352634,0.053966473788022995,1,2
CT00000104,160,128,256,0.966143798828125,0.04461951175471768,0.0986202284693718,1,2
CT00000104,160,128,320,0.635955810546875,-1.8358179368078709,0.04628431797027588,0,0
CT00000104,160,192,64,0.94775390625,0.24733087047934532,0.06677364557981491,0,0
CT00000104,160,192,128,0.51036376953125,-5.044796969741583,0.04008086770772934,2,1
CT00000104,160,192,192,0.35037841796875,-3.235263517126441,0.042341314256191254,0,0
CT00000104,160,192,256,0.99171142578125,1.1004979023709893,0.11388387531042099,2,1
CT00000104,160,192,320,0.3063232421875,-5.132696125656366,0.05241254344582558,1,0
CT00000104,200,64,64,0.736956787109375,-2.639855956658721,0.07668516039848328,1,1
CT00000104,200,64,128,0.4485107421875,-2.342622261494398,0.05190576985478401,1,1
CT00000104,200,64,192,0.39969482421875,-4.6640257351100445,0.06860653311014175,0,0
CT00000104,200,64,256,0.676898193359375,-2.4245819076895714,0.07555443048477173,0,1
CT00000104,200,128,0,0.315887451171875,-4.559112712740898,0.05947403609752655,0,0
CT00000104,200,128,64,0.999761962890625,1.4568129554390907,0.16723130643367767,0,0
CT00000104,200,128,128,0.815521240234375,0.786221818998456,0.04539192095398903,1,0
CT00000104,200,128,192,0.385552978515625,-1.1828214628621936,0.049299947917461395,0,0
CT00000104,200,128,256,0.998883056640625,1.1707645608112216,0.134439617395401,0,1
CT00000104,200,128,320,0.37999267578125,-4.47619566693902,0.06572740525007248,0,1
CT00000104,200,192,64,0.708892822265625,-5.4032569751143456,0.055659327656030655,1,1
CT00000104,200,192,128,0.4272216796875,-7.535902783274651,0.049441490322351456,0,0
CT00000104,200,192,192,0.49549560546875,-6.647723726928234,0.0553511343896389,1,1
CT00000104,200,192,256,0.930230712890625,0.08340072963619605,0.07534042745828629,1,2
CT00000104,240,128,64,0.39659423828125,-7.1105919778347015,0.10235940665006638,0,0
CT00000104,240,128,128,0.3615478515625,-0.998418778181076,0.06068800762295723,0,0
CT00000104,240,128,192,0.302972412109375,1.03299121838063,0.07085925340652466,0,0
CT00000104,240,128,256,0.390863037109375,-4.89182211458683,0.09370368719100952,1,0
CT00000104,240,192,192,0.255084228515625,-7.241462357342243,0.06555797904729843,1,0
CT00000104,240,192,256,0.33193359375,-5.474235862493515,0.0726131871342659,0,0
CT00000105,0,128,64,0.262396240234375,-9.370820596814156,0.10471417754888535,1,3
CT00000105,0,128,128,0.553485107421875,-4.213146399706602,0.07090874016284943,1,1
CT00000105,0,128,256,0.562750244140625,-5.140194203704596,0.10555019229650497,1,9
CT00000105,40,64,64,0.657928466796875,-6.047126371413469,0.08216612040996552,0,1
CT00000105,40,64,128,0.627301025390625,-2.7764872647821903,0.058542363345623016,0,4
CT00000105,40,64,192,0.606781005859375,-2.6760955806821585,0.055602286010980606,0,1
CT00000105,40,64,256,0.932135009765625,-1.4694666024297476,0.09753074496984482,0,1
CT00000105,40,64,320,0.35072021484375,-6.46680872887373,0.07070986181497574,2,0
CT00000105,40,128,64,0.954681396484375,-1.2301456881687045,0.11446979641914368,1,3
CT00000105,40,128,128,0.88138427734375,-0.9095031418837607,0.061763960868120193,3,3
CT00000105,40,128,192,0.39918212890625,-4.382645711302757,0.0424785241484642,0,0
CT00000105,40,128,256,1.0,1.9304145826026797,0.1575133502483368,0,3
CT00000105,40,128,320,0.5826416015625,-5.855134222656488,0.05759302154183388,2,4
CT00000105,40,192,64,0.388226318359375,-8.810499683022499,0.06363789737224579,2,2
CT00000105,40,192,128,0.248876953125,-9.661193937063217,0.08548101037740707,1,1
CT00000105,40,192,256,0.295904541015625,-8.956256322562695,0.07585388422012329,1,2
CT00000105,80,0,64,0.25333251953125,-0.9154043509624898,0.03259146586060524,0,1
CT00000105,80,0,128,0.451934814453125,-1.2132317060604692,0.03272043168544769,0,0
CT00000105,80,0,192,0.40860595703125,-2.79050599783659,0.03982960432767868,0,1
CT00000105,80,0,256,0.514990234375,-0.5940151168033481,0.025497104972600937,0,0
CT00000105,80,64,0,0.243572998046875,-3.7597648333758116,0.05145247280597687,0,0
CT00000105,80,64,64,0.9756591796875,0.5340997013263404,0.10609446465969086,2,2
CT00000105,80,64,128,0.6745849609375,1.0782282333821058,0.04015294462442398,0,3
CT00000105,80,64,192,0.490533447265625,0.27454542578198016,0.030464638024568558,0,0
CT00000105,80,64,256,0.9936279296875,1.1499632382765412,0.12649108469486237,1,1
CT00000105,80,64,320,0.797796630859375,-3.082114038988948,0.05975756794214249,0,0
CT00000105,80,128,0,0.420166015625,-4.985438659787178,0.051893871277570724,2,0
CT00000105,80,128,64,1.0,1.1635422706604004,0.18900589644908905,0,2
CT00000105,80,128,128,0.74683837890625,0.021319832740118727,0.06271935254335403,0,1
CT00000105,80,128,256,0.943475341796875,1.5674590831622481,0.06714477390050888,0,0
CT00000105,80,128,320,0.86436767578125,-2.8696521185338497,0.06904373317956924,1,0
CT00000105,80,192,64,0.700048828125,-6.479183211922646,0.05693994089961052,1,2
CT00000105,80,192,128,0.449737548828125,-8.463822305202484,0.05772453173995018,0,1
CT00000105,80,192,256,0.527056884765625,-6.1553604900836945,0.055497102439403534,0,0
CT00000105,120,0,64,0.4936279296875,-0.6889690412208438,0.029453778639435768,3,2
CT00000105,120,0,128,0.509942626953125,-1.736010075546801,0.029948268085718155,0,0
CT00000105,120,0,192,0.26876220703125,-2.520715119317174,0.03969131410121918,0,0
CT00000105,120,0,256,0.701416015625,-0.6759223761036992,0.035604264587163925,0,1
CT00000105,120,0,320,0.292327880859375,-1.0623468551784754,0.03487914428114891,0,0
CT00000105,120,64,0,0.496905517578125,-3.0737933702766895,0.04655235633254051,0,0
CT00000105,120,64,64,1.0,1.2241670629009604,0.1671900749206543,0,1
CT00000105,120,64,128,0.563201904296875,0.8967345347627997,0.041690804064273834,1,1
CT00000105,120,64,256,0.912860107421875,0.9169463883154094,0.07900528609752655,0,1
CT00000105,120,64,320,0.9774658203125,0.36669132532551885,0.10571800917387009,0,1
CT00000105,120,128,0,0.570751953125,-3.622183110564947,0.03927825018763542,1,0
CT00000105,120,128,64,1.0,1.0764303151518106,0.1806357502937317,0,2
CT00000105,120,128,128,0.677899169921875,0.011844414984807372,0.05467963591217995,2,1
CT00000105,120,128,256,0.876422119140625,0.6755571812391281,0.07801663130521774,0,1
CT00000105,120,128,320,0.952435302734375,-0.3243439132347703,0.07591893523931503,1,0
CT00000105,120,192,64,0.86517333984375,-2.827586606144905,0.06523355841636658,0,0
CT00000105,120,192,128,0.56241455078125,-7.075977511703968,0.04847101867198944,1,0
CT00000105,120,192,256,0.656317138671875,-5.01282699406147,0.05218350142240524,0,1
CT00000105,120,192,320,0.304205322265625,-7.1484060026705265,0.055233657360076904,0,0
CT00000105,160,0,64,0.5988037109375,-1.1395184556022286,0.03810190409421921,1,0
CT00000105,160,0,128,0.506976318359375,-1.6499340999871492,0.0312664657831192,1,1
CT00000105,160,0,256,0.6030517578125,-1.2900554575026035,0.03476420044898987,0,0
CT00000105,160,0,320,0.411328125,-0.5610915250144899,0.030721990391612053,3,0
CT00000105,160,64,0,0.5772705078125,-2.303793327882886,0.03474350646138191,0,0
CT00000105,160,64,64,1.0,1.04630459100008,0.16472852230072021,0,0
CT00000105,160,64,128,0.557269287109375,0.3024196485057473,0.0297708660364151,0,0
CT00000105,160,64,256,0.584149169921875,0.7078072521835566,0.03434130921959877,1,0
CT00000105,160,64,320,0.997735595703125,0.9907963685691357,0.17157530784606934,0,0
CT00000105,160,128,0,0.61279296875,-4.100514575839043,0.04522161930799484,1,0
CT00000105,160,128,64,1.0,0.8994187228381634,0.11083084344863892,0,1
CT00000105,160,128,128,0.86072998046875,-0.8929813047870994,0.060225632041692734,0,3
CT00000105,160,128,256,0.94862060546875,0.7912252331152558,0.07118706405162811,0,1
CT00000105,160,128,320,0.9864013671875,0.5543868173845112,0.1157945916056633,0,0
CT00000105,160,192,0,0.20872802734375,-4.4512515887618065,0.04888926073908806,0,0
CT00000105,160,192,64,0.93209228515625,-0.8042335393838584,0.06780482083559036,4,1
CT00000105,160,192,128,0.550848388671875,-6.107510533183813,0.04935646057128906,0,0
CT00000105,160,192,256,0.626727294921875,-4.345102701336145,0.04699892923235893,0,1
CT00000105,160,192,320,0.420025634765625,-6.160101853311062,0.050359275192022324,1,0
CT00000105,200,0,64,0.533477783203125,-1.0603672126308084,0.03461556136608124,0,0
CT00000105,200,0,128,0.27689208984375,-1.0857840534299612,0.028597965836524963,0,2
CT00000105,200,0,256,0.3141845703125,-0.5731419078074396,0.02497652918100357,0,0
CT00000105,200,0,320,0.411749267578125,-1.139469793997705,0.03299809619784355,2,0
CT00000105,200,64,0,0.5796875,-2.822230104357004,0.038728903979063034,1,2
CT00000105,200,64,64,1.0,0.7478736224584281,0.14610514044761658,0,1
CT00000105,200,64,128,0.62529296875,0.21230554557405412,0.028109947219491005,0,2
CT00000105,200,64,256,0.438433837890625,0.248595024459064,0.024531802162528038,0,0
CT00000105,200,64,320,0.998321533203125,1.0283869924023747,0.17093735933303833,0,1
CT00000105,200,128,0,0.696087646484375,-3.5224896855652332,0.04656369611620903,0,0
CT00000105,200,128,64,1.0,0.3109853423666209,0.12397092580795288,0,2
CT00000105,200,128,128,0.917034912109375,-0.22343106684274971,0.05031001195311546,1,1
CT00000105,200,128,192,0.214154052734375,-3.568831132724881,0.029342858120799065,1,1
CT00000105,200,128,256,0.994085693359375,0.29775878647342324,0.09901253879070282,0,2
CT00000105,200,128,320,0.999774169921875,1.0571902384981513,0.1547357141971588,0,2
CT00000105,200,192,0,0.29976806640625,-3.436647355556488,0.03995111212134361,1,0
CT00000105,200,192,64,0.892047119140625,-1.2699991930276155,0.057776909321546555,0,0
CT00000105,200,192,128,0.42393798828125,-6.2625412829220295,0.049023233354091644,0,0
CT00000105,200,192,256,0.5275390625,-3.273795358836651,0.039983589202165604,1,0
CT00000105,200,192,320,0.49366455078125,-3.6991231609135866,0.03815276920795441,3,1
CT00000105,240,0,320,0.291973876953125,-1.1918693780899048,0.03462453559041023,2,0
CT00000105,240,64,0,0.5088134765625,-1.6979785868898034,0.04115057736635208,1,2
CT00000105,240,64,64,0.314202880859375,-1.4305696822702885,0.06829110532999039,0,0
CT00000105,240,64,256,0.56339111328125,-0.9165490628220141,0.07477981597185135,1,1
CT00000105,240,64,320,0.96041259765625,0.4772413522005081,0.10741643607616425,0,1
CT00000105,240,128,0,0.707513427734375,-2.2041243501007557,0.047300729900598526,0,0
CT00000105,240,128,64,0.61678466796875,-0.738757022190839,0.06077951192855835,0,1
CT00000105,240,128,128,0.705560302734375,-1.8938714638352394,0.05757395178079605,0,0
CT00000105,240,128,256,0.74656982421875,-0.5058295791968703,0.07935307174921036,3,0
CT00000105,240,128,320,0.99334716796875,-0.0852852244861424,0.10351408272981644,0,1
CT00000105,240,192,0,0.2974609375,-1.9961337093263865,0.03197910636663437,0,1
CT00000105,240,192,64,0.794683837890625,-1.651404658332467,0.04561975970864296,0,0
CT00000105,240,192,128,0.335687255859375,-3.5488049034029245,0.038736458867788315,0,0
CT00000105,240,192,256,0.447930908203125,-2.1575691644102335,0.04005884751677513,1,0
CT00000105,240,192,320,0.463623046875,-1.80915673263371,0.03293351083993912,0,2
CT00000105,280,192,64,0.246148681640625,-2.3189103230834007,0.06060965359210968,0,1
CT00000106,0,128,128,0.391851806640625,-6.324436515569687,0.09129326045513153,0,0
CT00000106,0,128,256,0.493035888671875,-8.795508183538914,0.10052230209112167,0,0
CT00000106,0,128,320,0.255499267578125,-7.258903700858355,0.10194013267755508,0,0
CT00000106,0,192,128,0.488885498046875,-8.077731356024742,0.08079110085964203,1,0
CT00000106,0,192,256,0.710882568359375,-7.123653311282396,0.09184668958187103,0,1
CT00000106,0,192,320,0.291680908203125,-6.738679483532906,0.07582544535398483,0,0
CT00000106,40,64,64,0.462139892578125,-3.284346777945757,0.05426071211695671,0,0
CT00000106,40,64,128,0.746234130859375,-0.3072382532991469,0.04746336489915848,1,2
CT00000106,40,64,256,0.84342041015625,-1.112916856072843,0.06963123381137848,1,1
CT00000106,40,64,320,0.451885986328125,-4.208205733448267,0.06389394402503967,0,0
CT00000106,40,128,64,0.87772216796875,-1.5281037194654346,0.07285404950380325,0,0
CT00000106,40,128,128,0.859356689453125,0.9734717896208167,0.059575796127319336,0,0
CT00000106,40,128,256,0.820977783203125,0.16214717470575124,0.05359428748488426,0,1
CT00000106,40,128,320,0.93184814453125,-1.0502822697162628,0.08889172971248627,0,1
CT00000106,40,192,64,0.752716064453125,-4.0862164460122585,0.05654235556721687,2,5
CT00000106,40,192,128,0.971514892578125,0.740153540391475,0.11930001527070999,1,5
CT00000106,40,192,256,0.78623046875,0.8373225573450327,0.061743371188640594,1,4
CT00000106,40,192,320,0.8042236328125,-2.5658453814685345,0.05621698871254921,1,4
CT00000106,80,0,128,0.50439453125,-0.7585954153910279,0.029504921287298203,1,4
CT00000106,80,64,64,0.907623291015625,-1.6052438877522945,0.07415372878313065,1,2
CT00000106,80,64,128,0.685943603515625,0.9354100911878049,0.050219058990478516,0,1
CT00000106,80,64,256,0.542047119140625,0.20106168813072145,0.05793622136116028,0,2
CT00000106,80,64,320,0.893743896484375,-2.1313591860234737,0.08192946761846542,0,0
CT00000106,80,128,0,0.20419921875,-4.22191247344017,0.06018843501806259,0,0
CT00000106,80,128,64,1.0,0.8335840539075434,0.17350848019123077,1,0
CT00000106,80,128,128,0.525860595703125,0.7173532503657043,0.06485921144485474,1,1
CT00000106,80,128,256,0.4389404296875,0.562891480512917,0.0783819928765297,1,1
CT00000106,80,128,320,1.0,1.1863383697345853,0.172591894865036,0,2
CT00000106,80,192,64,0.95748291015625,-0.6381836719810963,0.09280674159526825,0,0
CT00000106,80,192,128,0.981646728515625,1.1433269828557968,0.11992106586694717,1,2
CT00000106,80,192,192,0.201177978515625,-2.6133921928703785,0.04259312525391579,0,1
CT00000106,80,192,256,0.425482177734375,0.29182317666709423,0.052019260823726654,1,0
CT00000106,80,192,320,0.8850830078125,-1.5195781597867608,0.07007617503404617,1,4
CT00000106,120,0,64,0.370269775390625,-1.5030446229502559,0.03251553699374199,0,0
CT00000106,120,0,128,0.269256591796875,-0.40577794425189495,0.03225642442703247,0,0
CT00000106,120,64,64,0.99091796875,0.884273904375732,0.14820624887943268,0,1
CT00000106,120,64,128,0.652294921875,1.0634297505021095,0.039791397750377655,0,1
CT00000106,120,64,320,0.380810546875,-0.11327351967338473,0.0543970949947834,3,2
CT00000106,120,128,0,0.425775146484375,-5.382779985666275,0.056845299899578094,1,1
CT00000106,120,128,64,1.0,0.9990162216126919,0.17357252538204193,1,1
CT00000106,120,128,128,0.608599853515625,0.03107616794295609,0.06697633117437363,0,0
CT00000106,120,128,256,0.223809814453125,-0.02290169504703954,0.04624660685658455,0,2
CT00000106,120,128,320,0.915899658203125,1.221798243932426,0.05581935495138168,1,3
CT00000106,120,192,0,0.249884033203125,-5.750833079218864,0.06063520908355713,0,0
CT00000106,120,192,64,0.9997802734375,1.0292591759935021,0.16680344939231873,0,0
CT00000106,120,192,128,0.932232666015625,0.19148939463775605,0.0919482558965683,1,4
CT00000106,120,192,192,0.327496337890625,-2.0041794050484896,0.028859585523605347,0,2
CT00000106,120,192,256,0.613751220703125,0.22132946469355375,0.05875737965106964,0,2
CT00000106,120,192,320,0.9545166015625,-0.15947650535963476,0.09413610398769379,0,0
CT00000106,160,64,0,0.308001708984375,-3.3462787978351116,0.06334370374679565,0,0
CT00000106,160,64,64,0.372509765625,-0.45541508006863296,0.06235034018754959,0,1
CT00000106,160,128,0,0.389794921875,-3.8231450598686934,0.06538823246955872,0,1
CT00000106,160,128,64,0.4072265625,0.021073534298921004,0.052816372364759445,0,0
CT00000106,160,128,128,0.43778076171875,0.0844122696435079,0.04311918094754219,0,0
CT00000106,160,128,192,0.22557373046875,-0.28935482259839773,0.030293883755803108,0,1
CT00000106,160,128,320,0.42919921875,0.768859579693526,0.0608166940510273,1,3
CT00000106,160,192,0,0.403802490234375,-3.683504881337285,0.05809084698557854,0,2
CT00000106,160,192,64,0.860760498046875,0.502270006109029,0.07376067340373993,0,1
CT00000106,160,192,128,0.9665283203125,0.24340885283891112,0.09420932829380035,0,2
CT00000106,160,192,192,0.25877685546875,-2.62255547568202,0.031046191230416298,1,1
CT00000106,160,192,256,0.53807373046875,0.21293746249284595,0.04765733331441879,2,3
CT00000106,160,192,320,0.901556396484375,0.25695402291603386,0.08497025072574615,2,2
CT00000106,200,192,128,0.489276123046875,-0.5438051302917302,0.05014580115675926,0,1
CT00000106,200,192,256,0.311553955078125,-0.038189384213183075,0.06537795066833496,0,1
CT00000106,200,192,320,0.40594482421875,0.44457687181420624,0.058529458940029144,0,0
CT00000107,0,128,128,0.427386474609375,-2.0455357152968645,0.06708251684904099,0,1
CT00000107,0,128,192,0.3704345703125,1.488044043071568,0.0762995108962059,1,1
CT00000107,0,128,256,0.660125732421875,-6.466761697083712,0.0910571813583374,1,2
CT00000107,0,192,128,0.28116455078125,-10.62886044383049,0.08688849955797195,0,1
CT00000107,0,192,256,0.398101806640625,-6.9536506198346615,0.07224574685096741,1,0
CT00000107,40,64,64,0.287603759765625,-6.071653682738543,0.07834344357252121,0,0
CT00000107,40,64,128,0.34033203125,-8.769996464252472,0.07895579934120178,2,0
CT00000107,40,64,192,0.31497802734375,-7.869512774050236,0.06553030014038086,0,3
CT00000107,40,64,256,0.630291748046875,-9.022257290780544,0.08553358167409897,1,1
CT00000107,40,128,64,0.856622314453125,-4.553481005132198,0.09181305766105652,0,2
CT00000107,40,128,128,0.915557861328125,1.1555086821317673,0.063501738011837,0,2
CT00000107,40,128,192,0.49814453125,0.7386214565485716,0.039998412132263184,2,1
CT00000107,40,128,256,0.999853515625,1.7163888551294804,0.12926338613033295,0,1
CT00000107,40,128,320,0.65120849609375,-4.285317379981279,0.05727578327059746,0,0
CT00000107,40,192,64,0.828515625,-2.708297688513994,0.06350632756948471,2,3
CT00000107,40,192,128,0.83814697265625,-2.361247083172202,0.06170213595032692,1,2
CT00000107,40,192,192,0.222314453125,-8.959962986409664,0.05431200563907623,1,1
CT00000107,40,192,256,0.852410888671875,-2.8532398864626884,0.06414170563220978,1,3
CT00000107,40,192,320,0.323651123046875,-5.710646044462919,0.0482717864215374,1,0
CT00000107,80,0,256,0.2320556640625,-0.8180763106793165,0.03731728345155716,0,0
CT00000107,80,64,64,0.859918212890625,-2.020283369347453,0.06426969170570374,0,1
CT00000107,80,64,128,0.513470458984375,1.003500889055431,0.030152004212141037,0,2
CT00000107,80,64,192,0.332965087890625,0.0972059351624921,0.03533532842993736,1,1
CT00000107,80,64,256,0.990399169921875,0.8061053813435137,0.1373022347688675,1,2
CT00000107,80,64,320,0.4985107421875,-3.417468164116144,0.042999517172575,1,0
CT00000107,80,128,0,0.3760009765625,-3.452208824455738,0.04961405321955681,2,2
CT00000107,80,128,64,1.0,1.0088699636980891,0.16376164555549622,1,6
CT00000107,80,128,128,0.66905517578125,0.6425973842851818,0.06708228588104248,0,0
CT00000107,80,128,256,0.915350341796875,0.8081322885118425,0.08612697571516037,0,0
CT00000107,80,128,320,0.88082275390625,-2.041277475655079,0.06618357449769974,0,0
CT00000107,80,192,64,0.977001953125,0.2728496619965881,0.10669244080781937,1,0
CT00000107,80,192,128,0.89962158203125,-0.8495150832459331,0.05683425813913345,1,0
CT00000107,80,192,256,0.96651611328125,0.39667499368079007,0.09375648945569992,1,1
CT00000107,80,192,320,0.396783447265625,-5.170005839318037,0.04385731741786003,1,0
CT00000107,120,0,64,0.293994140625,-1.0785333579406142,0.033126987516880035,0,1
CT00000107,120,0,256,0.48909912109375,-0.9157075546681881,0.03262076899409294,0,0
CT00000107,120,64,0,0.30350341796875,-3.0668729450553656,0.04614325985312462,0,1
CT00000107,120,64,64,0.993084716796875,0.642233295366168,0.14662441611289978,0,1
CT00000107,120,64,128,0.36890869140625,0.8276977459900081,0.025124145671725273,0,0
CT00000107,120,64,256,0.9298828125,0.8205805206671357,0.08282248675823212,0,2
CT00000107,120,64,320,0.748382568359375,-2.2259519901126623,0.04889526963233948,0,2
CT00000107,120,128,0,0.528875732421875,-4.039214458316565,0.04422083497047424,0,0
CT00000107,120,128,64,0.99420166015625,0.8162751328200102,0.1236288994550705,0,1
CT00000107,120,128,128,0.654766845703125,-0.08613838872406632,0.06987252086400986,0,1
CT00000107,120,128,256,0.8906494140625,0.11122796422569081,0.08835162967443466,1,1
CT00000107,120,128,320,0.96025390625,-0.09094025153899565,0.08632296323776245,1,2
CT00000107,120,192,0,0.242645263671875,-6.485302466899157,0.05063275247812271,0,0
CT00000107,120,192,64,0.990863037109375,0.8084393921308219,0.1561473309993744,1,1
CT00000107,120,192,128,0.895648193359375,-0.8081227424554527,0.0648832768201828,0,0
CT00000107,120,192,256,0.977056884765625,-0.8060762193053961,0.0950838178396225,1,8
CT00000107,120,192,320,0.487493896484375,-5.296397488564253,0.05934314429759979,0,4
CT00000107,160,0,64,0.471697998046875,-1.3025559019297361,0.032322660088539124,1,1
CT00000107,160,0,256,0.418658447265625,-0.7476513856090605,0.030723094940185547,0,0
CT00000107,160,64,0,0.44708251953125,-2.5630027521401644,0.035842135548591614,0,1
CT00000107,160,64,64,0.98712158203125,-0.013987658348924015,0.15479332208633423,0,1
CT00000107,160,64,128,0.31942138671875,0.30020924168638885,0.02687283232808113,0,0
CT00000107,160,64,256,0.682745361328125,0.17323986685369164,0.035027433186769485,3,0
CT00000107,160,64,320,0.894305419921875,-1.1164583265781403,0.06152850016951561,0,0
CT00000107,160,128,0,0.600543212890625,-4.0417504496872425,0.04131205007433891,1,0
CT00000107,160,128,64,1.0,1.0811160318553448,0.12498477101325989,0,1
CT00000107,160,128,128,0.9413330078125,-0.40034225094132125,0.08352136611938477,0,1
CT00000107,160,128,192,0.4510498046875,0.07869525870773941,0.028571709990501404,1,1
CT00000107,160,128,256,0.9971435546875,0.38160179974511266,0.10331587493419647,0,2
CT00000107,160,128,320,0.990899658203125,0.9194925078190863,0.13645480573177338,3,0
CT00000107,160,192,0,0.353515625,-5.06958644837141,0.04679540917277336,0,0
CT00000107,160,192,64,0.999853515625,0.8105253800749779,0.1717904955148697,1,4
CT00000107,160,192,128,0.882080078125,-1.2326346477493644,0.05725196748971939,0,0
CT00000107,160,192,256,0.95220947265625,-0.9949300438165665,0.08291925489902496,1,1
CT00000107,160,192,320,0.67216796875,-3.6212478298693895,0.05812469869852066,0,3
CT00000107,200,64,0,0.270013427734375,-2.310264389961958,0.050447575747966766,1,1
CT00000107,200,64,320,0.314520263671875,1.0105374967679381,0.07257727533578873,0,2
CT00000107,200,128,0,0.51517333984375,-2.567049115896225,0.05175282433629036,0,3
CT00000107,200,128,64,0.37904052734375,-0.6367706228047609,0.06022180989384651,0,0
CT00000107,200,128,128,0.657781982421875,0.17329205002170056,0.04598882794380188,0,3
CT00000107,200,128,192,0.389141845703125,0.41902827797457576,0.04085654020309448,0,2
CT00000107,200,128,256,0.474554443359375,1.3267126632854342,0.052227750420570374,1,0
CT00000107,200,128,320,0.45987548828125,1.1613925453275442,0.058133114129304886,1,0
CT00000107,200,192,0,0.4750732421875,-2.3425512481480837,0.03818713501095772,0,1
CT00000107,200,192,64,0.897027587890625,0.13598945224657655,0.08587075769901276,0,2
CT00000107,200,192,128,0.826715087890625,-1.234926050528884,0.05634283646941185,0,3
CT00000107,200,192,256,0.8956298828125,0.04280350549379364,0.08124600350856781,0,1
CT00000107,200,192,320,0.7736572265625,-1.073584659025073,0.04795170947909355,0,0
