CTHNet+流匹配(ours)_contrast,CTHNet+流匹配(ours)_mean,CTHNet+流匹配(ours)_peak,base_contrast,base_mean,base_peak,diameter_mm,ref_contrast,ref_mean,ref_peak,uid,up_contrast,up_mean,up_peak
310.4306335449219,-171.56936645507812,174.875,310.4306335449219,-171.56936645507812,174.875,13.6,369.084716796875,-147.91529846191406,608.0,1.3.6.1.4.1.14519.5.2.1.6279.6001.109002525524522225658609808059,238.13255310058594,-205.33595275878906,223.1156005859375
273.8626708984375,-323.3873291015625,-91.375,273.8626708984375,-323.3873291015625,-91.375,4.34,390.091552734375,-179.908447265625,219.0,1.3.6.1.4.1.14519.5.2.1.6279.6001.109002525524522225658609808059,120.05264282226562,-476.8517761230469,-327.85369873046875
278.8900146484375,-420.1099853515625,-203.375,278.8900146484375,-420.1099853515625,-203.375,4.68,453.010009765625,-257.489990234375,46.0,1.3.6.1.4.1.14519.5.2.1.6279.6001.111172165674661221381920536987,199.297119140625,-513.2196044921875,-343.8969421386719
515.4354248046875,-319.0646057128906,-24.515625,511.32379150390625,-306.17620849609375,-66.25,6.72,756.4859008789062,-130.5140838623047,167.0,1.3.6.1.4.1.14519.5.2.1.6279.6001.126264578931778258890371755354,314.1681823730469,-500.1562805175781,-252.47377014160156
314.48028564453125,-545.5197143554688,19.109375,345.5609130859375,-518.9390869140625,-142.5,6.8,349.6802673339844,-505.3197326660156,-110.0,1.3.6.1.4.1.14519.5.2.1.6279.6001.129055977637338639741695800950,102.95416259765625,-695.7954711914062,-553.8739013671875
235.72869873046875,-546.2713012695312,-142.625,217.80145263671875,-546.1985473632812,-251.5,5.06,253.39410400390625,-507.60589599609375,-235.0,1.3.6.1.4.1.14519.5.2.1.6279.6001.130438550890816550994739120843,97.874267578125,-653.6902465820312,-462.33819580078125
444.6644287109375,-316.3355712890625,1.595703125,454.2139587402344,-306.7860412597656,-30.21875,7.05,553.1618041992188,-219.8381805419922,61.0,1.3.6.1.4.1.14519.5.2.1.6279.6001.134996872583497382954024478441,287.5775146484375,-455.66619873046875,-217.26229858398438
357.01806640625,-245.98193359375,25.734375,376.7607421875,-230.7392578125,30.796875,7.89,424.58380126953125,-188.4161834716797,148.0,1.3.6.1.4.1.14519.5.2.1.6279.6001.134996872583497382954024478441,245.36941528320312,-319.4220886230469,-38.71103286743164
349.62646484375,-244.12355041503906,56.4375,368.82855224609375,-227.6714630126953,3.767578125,9.26,403.16546630859375,-195.8345184326172,143.0,1.3.6.1.4.1.14519.5.2.1.6279.6001.134996872583497382954024478441,246.78878784179688,-325.8352355957031,-85.8875503540039
368.3828125,-203.1171875,8.375,388.3151550292969,-190.18484497070312,3.890625,6.78,455.8685302734375,-124.13145446777344,101.0,1.3.6.1.4.1.14519.5.2.1.6279.6001.134996872583497382954024478441,253.293701171875,-288.31573486328125,-41.955474853515625
594.3599243164062,-49.89006805419922,119.25,609.3563232421875,-43.39365005493164,119.25,11.14,796.6741333007812,50.17414474487305,322.0,1.3.6.1.4.1.14519.5.2.1.6279.6001.137763212752154081977261297097,419.54510498046875,-168.4608612060547,207.713134765625
403.31903076171875,-103.43097686767578,173.75,423.7337646484375,-91.2662353515625,177.0,17.69,469.76727294921875,-70.23274230957031,262.0,1.3.6.1.4.1.14519.5.2.1.6279.6001.137763212752154081977261297097,339.09906005859375,-138.98162841796875,164.1471710205078
390.876220703125,-128.12379455566406,398.75,389.31878662109375,-127.68121337890625,398.75,6.92,445.4356994628906,-73.5643081665039,526.0,1.3.6.1.4.1.14519.5.2.1.6279.6001.138080888843357047811238713686,216.16650390625,-221.05422973632812,466.88970947265625
712.614990234375,-235.385009765625,21.890625,726.0752563476562,-221.4247589111328,-22.734375,8.62,846.899658203125,-115.10031127929688,278.0,1.3.6.1.4.1.14519.5.2.1.6279.6001.139258777898746693365877042411,492.5438232421875,-442.55926513671875,-149.02734375
391.82415771484375,-394.67584228515625,71.25,423.2271728515625,-367.2728271484375,4.58984375,6.26,406.9222717285156,-384.0777282714844,-33.0,1.3.6.1.4.1.14519.5.2.1.6279.6001.141069661700670042960678408762,184.1854248046875,-578.1129150390625,-402.1759033203125
649.816162109375,-143.683837890625,173.5,663.8988037109375,-132.10122680664062,107.5625,15.49,727.61767578125,-92.3823013305664,163.0,1.3.6.1.4.1.14519.5.2.1.6279.6001.154677396354641150280013275227,543.6524047851562,-213.51780700683594,85.56537628173828
508.79510498046875,-195.2049102783203,61.15625,532.5989379882812,-171.6510467529297,38.53125,10.94,568.2598266601562,-158.74017333984375,116.0,1.3.6.1.4.1.14519.5.2.1.6279.6001.188376349804761988217597754952,354.99066162109375,-312.14361572265625,-43.114654541015625
59.84709167480469,-242.1529083251953,-33.1875,65.2554931640625,-235.4945068359375,-33.1875,5.36,235.45037841796875,-128.54962158203125,47.0,1.3.6.1.4.1.14519.5.2.1.6279.6001.188376349804761988217597754952,31.97900390625,-286.3522644042969,-71.92108917236328
251.14315795898438,-455.1068420410156,-135.875,270.1764221191406,-446.8235778808594,-81.3125,5.26,321.9032287597656,-403.5967712402344,-39.0,1.3.6.1.4.1.14519.5.2.1.6279.6001.188376349804761988217597754952,175.332763671875,-514.1273193359375,-324.9182434082031
388.7234802246094,-348.0265197753906,13.2109375,387.0769348144531,-348.6730651855469,-4.21875,6.31,420.1054992675781,-301.8945007324219,5.0,1.3.6.1.4.1.14519.5.2.1.6279.6001.188376349804761988217597754952,208.9642333984375,-520.6961059570312,-364.0312805175781
610.3605346679688,-190.88946533203125,128.5,627.9400024414062,-177.55999755859375,117.5625,13.96,698.0397338867188,-142.96026611328125,274.0,1.3.6.1.4.1.14519.5.2.1.6279.6001.213140617640021803112060161074,488.6629333496094,-275.6225891113281,104.15840148925781
179.43267822265625,-631.5673217773438,-127.625,172.47100830078125,-637.0289916992188,-241.5,6.4,227.89776611328125,-597.1022338867188,-176.0,1.3.6.1.4.1.14519.5.2.1.6279.6001.213140617640021803112060161074,107.80328369140625,-693.4833374023438,-542.9044799804688
114.984375,-688.015625,-387.0,120.798583984375,-685.701416015625,-459.25,4.78,240.611083984375,-562.388916015625,-241.0,1.3.6.1.4.1.14519.5.2.1.6279.6001.213140617640021803112060161074,72.1026611328125,-713.8410034179688,-584.7290649414062
516.7432861328125,-272.5067443847656,-10.4375,507.6483154296875,-276.8516845703125,-71.5,3.66,920.0423583984375,81.54237365722656,1024.0,1.3.6.1.4.1.14519.5.2.1.6279.6001.216882370221919561230873289517,238.5504150390625,-548.48046875,-339.69708251953125
363.5918884277344,-508.4081115722656,-23.734375,285.7750244140625,-557.7249755859375,-254.125,3.94,414.9200134277344,-446.0799865722656,-37.0,1.3.6.1.4.1.14519.5.2.1.6279.6001.216882370221919561230873289517,177.4305419921875,-679.9916381835938,-487.569091796875
480.68609619140625,-304.81390380859375,113.375,492.37054443359375,-293.12945556640625,109.8125,11.1,530.9736328125,-266.0263671875,241.0,1.3.6.1.4.1.14519.5.2.1.6279.6001.219087313261026510628926082729,376.7486877441406,-380.6137390136719,72.01566314697266
366.89068603515625,-401.10931396484375,-11.0546875,382.1898498535156,-391.8101501464844,-20.625,4.81,450.01885986328125,-310.98114013671875,98.0,1.3.6.1.4.1.14519.5.2.1.6279.6001.219087313261026510628926082729,181.04876708984375,-569.739013671875,-340.1583251953125
494.0513610839844,-240.44863891601562,86.25,503.6758117675781,-238.32418823242188,64.9375,17.53,525.706298828125,-234.293701171875,144.0,1.3.6.1.4.1.14519.5.2.1.6279.6001.227962600322799211676960828223,423.8804626464844,-255.74105834960938,49.467559814453125
236.0732879638672,-228.9267120361328,30.109375,200.93206787109375,-229.06793212890625,-23.015625,5.25,245.0098114013672,-167.9901885986328,61.0,1.3.6.1.4.1.14519.5.2.1.6279.6001.241570579760883349458693655367,-37.00103759765625,-430.61871337890625,25.93340492248535
534.1033325195312,-339.39666748046875,32.03125,522.5358276367188,-333.96417236328125,-32.0625,4.68,485.38665771484375,-348.61334228515625,-20.0,1.3.6.1.4.1.14519.5.2.1.6279.6001.249530219848512542668813996730,102.0970458984375,-669.9329223632812,-589.9954833984375
323.7875671386719,-438.2124328613281,-132.625,326.5426330566406,-424.9573669433594,-132.625,6.24,504.3410339355469,-284.6589660644531,1.0,1.3.6.1.4.1.14519.5.2.1.6279.6001.249530219848512542668813996730,231.69317626953125,-507.81976318359375,-228.1989288330078
393.46722412109375,-266.03277587890625,139.5,401.9562683105469,-265.2937316894531,27.203125,10.83,562.6430053710938,-199.8569793701172,169.0,1.3.6.1.4.1.14519.5.2.1.6279.6001.249530219848512542668813996730,248.3582763671875,-324.8758544921875,1.3427480459213257
227.69329833984375,-573.0567016601562,-149.25,238.223876953125,-565.276123046875,-194.0,10.06,265.693115234375,-535.306884765625,-135.0,1.3.6.1.4.1.14519.5.2.1.6279.6001.250863365157630276148828903732,153.12652587890625,-625.534912109375,-392.5286560058594
146.19891357421875,-729.3010864257812,-414.5,149.65509033203125,-718.8449096679688,-466.75,5.03,150.44525146484375,-716.5547485351562,-599.0,1.3.6.1.4.1.14519.5.2.1.6279.6001.272042302501586336192628818865,55.93817138671875,-804.2335205078125,-749.6934814453125
282.62799072265625,-562.3720092773438,-93.75,303.48309326171875,-550.0169067382812,-155.75,6.01,408.8738708496094,-458.1261291503906,26.0,1.3.6.1.4.1.14519.5.2.1.6279.6001.281489753704424911132261151767,171.949462890625,-627.5518798828125,-342.5680236816406
542.1350708007812,-144.86492919921875,113.8125,544.9588623046875,-125.5411605834961,86.9375,5.25,1126.416015625,335.4159851074219,1024.0,1.3.6.1.4.1.14519.5.2.1.6279.6001.293757615532132808762625441831,447.8447570800781,-284.2149353027344,62.96820831298828
232.4483642578125,-572.5516357421875,106.8125,240.33966064453125,-555.1603393554688,17.609375,8.1,239.657958984375,-555.342041015625,33.0,1.3.6.1.4.1.14519.5.2.1.6279.6001.293757615532132808762625441831,91.8280029296875,-662.5311279296875,-528.9351806640625
309.77618408203125,-442.22381591796875,8.7421875,344.6282653808594,-423.8717346191406,8.7421875,5.56,447.2023010253906,-314.7976989746094,148.0,1.3.6.1.4.1.14519.5.2.1.6279.6001.294188507421106424248264912111,205.87384033203125,-538.1543579101562,-5.67738676071167
96.22039794921875,-232.27960205078125,126.9375,68.58992004394531,-237.1600799560547,126.9375,7.9,118.48262023925781,-174.0173797607422,305.0,1.3.6.1.4.1.14519.5.2.1.6279.6001.294188507421106424248264912111,28.1533203125,-301.09149169921875,124.31216430664062
389.29180908203125,-367.70819091796875,65.9375,396.3606262207031,-363.6393737792969,65.9375,5.72,458.4685363769531,-287.5314636230469,160.0,1.3.6.1.4.1.14519.5.2.1.6279.6001.294188507421106424248264912111,307.0639953613281,-442.9164733886719,46.622718811035156
645.3729858398438,-125.87702178955078,290.25,644.0169067382812,-137.98309326171875,245.5,5.67,1174.441650390625,325.4416198730469,1024.0,1.3.6.1.4.1.14519.5.2.1.6279.6001.295298571102631191572192562523,443.58953857421875,-258.43768310546875,247.07229614257812
467.2987060546875,-368.2012939453125,-14.40625,466.2901306152344,-370.2098693847656,-56.84375,6.28,564.7548828125,-281.2451477050781,61.0,1.3.6.1.4.1.14519.5.2.1.6279.6001.295298571102631191572192562523,284.53155517578125,-536.1390991210938,-232.5548858642578
181.338623046875,-547.161376953125,-58.6875,197.86029052734375,-536.6397094726562,-115.875,7.0,201.83203125,-526.16796875,-51.0,1.3.6.1.4.1.14519.5.2.1.6279.6001.295420274214095686326263147663,116.4620361328125,-597.625,-305.4559020996094
366.1916198730469,-430.3083801269531,47.65625,350.6924133300781,-434.8075866699219,-78.75,5.1,304.0666809082031,-450.9333190917969,57.0,1.3.6.1.4.1.14519.5.2.1.6279.6001.295420274214095686326263147663,103.841552734375,-648.4756469726562,-473.16461181640625
95.173828125,-732.826171875,-371.0,85.9140625,-740.5859375,-563.5,4.09,175.984375,-624.515625,-355.0,1.3.6.1.4.1.14519.5.2.1.6279.6001.295420274214095686326263147663,81.26849365234375,-733.8189086914062,-603.1280517578125
215.94171142578125,-566.5582885742188,-91.5625,238.2303466796875,-542.2696533203125,-199.5,3.6,337.0674133300781,-422.9325866699219,-5.0,1.3.6.1.4.1.14519.5.2.1.6279.6001.295420274214095686326263147663,97.15594482421875,-694.1101684570312,-559.89990234375
304.8526916503906,-478.1473083496094,-65.1875,304.563720703125,-475.186279296875,-107.4375,4.36,385.1233825683594,-391.3766174316406,50.0,1.3.6.1.4.1.14519.5.2.1.6279.6001.295420274214095686326263147663,91.46356201171875,-674.2156982421875,-535.2072143554688
332.835693359375,-452.414306640625,-130.375,319.2177429199219,-446.5322570800781,-211.75,5.06,656.6290283203125,-198.3709716796875,276.0,1.3.6.1.4.1.14519.5.2.1.6279.6001.303421828981831854739626597495,195.5380859375,-586.240234375,-404.1708984375
631.353271484375,-7.646730422973633,503.75,614.8350830078125,-29.16494369506836,415.25,6.97,1033.319580078125,323.81964111328125,1024.0,1.3.6.1.4.1.14519.5.2.1.6279.6001.305858704835252413616501469037,433.801513671875,-125.67506408691406,456.5957336425781
193.7969512939453,-162.7030487060547,-5.91796875,204.40248107910156,-161.34751892089844,-5.91796875,9.25,314.9040222167969,-103.09598541259766,99.0,1.3.6.1.4.1.14519.5.2.1.6279.6001.305858704835252413616501469037,148.5253448486328,-254.5336151123047,24.96953582763672
548.491455078125,-157.00851440429688,90.75,557.375244140625,-153.12474060058594,90.75,13.14,645.618408203125,-123.3815689086914,309.0,1.3.6.1.4.1.14519.5.2.1.6279.6001.313835996725364342034830119490,383.39892578125,-227.1879425048828,61.01778793334961
224.54937744140625,-622.4506225585938,-33.84375,239.9979248046875,-610.0020751953125,-132.25,9.44,255.840087890625,-600.159912109375,-223.0,1.3.6.1.4.1.14519.5.2.1.6279.6001.317087518531899043292346860596,148.094970703125,-680.0220947265625,-494.42840576171875
494.63677978515625,-402.36322021484375,39.8125,494.0837097167969,-403.9162902832031,0.5,6.61,555.933837890625,-341.0661926269531,111.0,1.3.6.1.4.1.14519.5.2.1.6279.6001.323859712968543712594665815359,351.24139404296875,-542.1870727539062,-159.57949829101562
530.8429565429688,-370.15704345703125,-18.0,511.846435546875,-387.653564453125,-60.375,5.1,530.0076293945312,-352.49237060546875,60.0,1.3.6.1.4.1.14519.5.2.1.6279.6001.323859712968543712594665815359,256.77203369140625,-624.2831420898438,-372.44281005859375
452.1455078125,-253.8544921875,69.5625,474.4929504394531,-237.50704956054688,32.25,12.57,493.21490478515625,-233.7851104736328,125.0,1.3.6.1.4.1.14519.5.2.1.6279.6001.334517907433161353885866806005,315.4238586425781,-349.3078918457031,-30.10859489440918
740.5626220703125,52.06261444091797,394.25,712.199951171875,23.199928283691406,338.75,7.18,1178.65869140625,461.6586608886719,1024.0,1.3.6.1.4.1.14519.5.2.1.6279.6001.334517907433161353885866806005,587.5260620117188,-72.27471160888672,404.794677734375
433.04461669921875,-194.7053680419922,98.25,417.3631591796875,-186.88682556152344,98.25,8.24,479.6099853515625,-132.3900146484375,81.0,1.3.6.1.4.1.14519.5.2.1.6279.6001.334517907433161353885866806005,157.28347778320312,-325.39166259765625,84.69524383544922
256.6838073730469,-214.56619262695312,-6.12109375,238.03819274902344,-217.08680725097656,-6.12109375,3.9,577.4361572265625,-36.0638313293457,165.0,1.3.6.1.4.1.14519.5.2.1.6279.6001.417815314896088956784723476543,151.70529174804688,-297.4173583984375,-60.61288070678711
403.5824279785156,-341.9175720214844,102.25,411.0294494628906,-331.4705505371094,72.5625,12.02,455.7100830078125,-314.7899169921875,456.0,1.3.6.1.4.1.14519.5.2.1.6279.6001.430109407146633213496148200410,312.9193420410156,-398.3820495605469,45.452293395996094
430.6475524902344,-410.3524475097656,87.3125,456.2214050292969,-384.2785949707031,44.625,7.42,483.4876708984375,-352.5123291015625,447.0,1.3.6.1.4.1.14519.5.2.1.6279.6001.430109407146633213496148200410,206.6964111328125,-576.2249755859375,-253.96141052246094
204.30841064453125,-587.6915893554688,-192.5,181.11883544921875,-589.3811645507812,-278.5,4.53,387.8770446777344,-424.1229553222656,376.0,1.3.6.1.4.1.14519.5.2.1.6279.6001.430109407146633213496148200410,97.2435302734375,-672.8184204101562,-469.3852233886719
245.195068359375,-524.554931640625,-92.6875,266.3148193359375,-518.6851806640625,-184.375,11.65,314.99102783203125,-486.00897216796875,85.0,1.3.6.1.4.1.14519.5.2.1.6279.6001.525937963993475482158828421281,161.16094970703125,-588.4492797851562,-323.549560546875
188.3634033203125,-606.1365966796875,0.6953125,190.859130859375,-601.140869140625,-99.0,12.8,215.830078125,-582.169921875,5.0,1.3.6.1.4.1.14519.5.2.1.6279.6001.534006575256943390479252771547,144.82440185546875,-633.5775756835938,-372.79827880859375
269.8065185546875,-555.1934814453125,32.34375,282.5546875,-545.9453125,-29.265625,14.63,301.65234375,-536.34765625,113.0,1.3.6.1.4.1.14519.5.2.1.6279.6001.534006575256943390479252771547,209.92510986328125,-592.7157592773438,-157.70266723632812
415.37274169921875,-371.87725830078125,67.375,444.16156005859375,-347.33843994140625,-17.703125,7.28,509.0392761230469,-293.9607238769531,97.0,1.3.6.1.4.1.14519.5.2.1.6279.6001.534006575256943390479252771547,219.13372802734375,-525.9580078125,-368.1039123535156
79.48992919921875,-760.5100708007812,-619.0,82.977294921875,-752.272705078125,-615.5,4.32,166.38385009765625,-670.6161499023438,-472.0,1.3.6.1.4.1.14519.5.2.1.6279.6001.534083630500464995109143618896,61.10601806640625,-747.9382934570312,-557.9024658203125
629.5630493164062,-119.18696594238281,337.75,630.9974975585938,-126.00251770019531,283.75,5.97,1039.9716796875,269.4717102050781,1024.0,1.3.6.1.4.1.14519.5.2.1.6279.6001.534083630500464995109143618896,497.40625,-250.2421875,294.1746826171875
491.58135986328125,-233.6686248779297,206.625,516.19384765625,-233.80613708496094,167.0,5.09,854.044921875,56.5449104309082,1024.0,1.3.6.1.4.1.14519.5.2.1.6279.6001.534083630500464995109143618896,433.78192138671875,-232.1043243408203,173.63616943359375
473.1196594238281,-333.8803405761719,13.015625,539.1822509765625,-287.3177185058594,-1.787109375,6.22,693.90478515625,-183.09524536132812,149.0,1.3.6.1.4.1.14519.5.2.1.6279.6001.640729228179368154416184318668,132.761474609375,-559.0377197265625,-328.2796936035156
351.863525390625,-515.886474609375,-20.09375,372.5395202636719,-494.9604797363281,-72.3125,8.09,382.8871765136719,-468.6128234863281,124.0,1.3.6.1.4.1.14519.5.2.1.6279.6001.716498695101447665580610403574,233.6043701171875,-602.73388671875,-234.17666625976562
404.6416931152344,-378.3583068847656,-25.25,401.70001220703125,-371.29998779296875,-11.4609375,5.53,560.214599609375,-233.78538513183594,38.0,1.3.6.1.4.1.14519.5.2.1.6279.6001.724251104254976962355686318345,244.80950927734375,-514.9251098632812,-283.6656799316406
416.5831604003906,-263.1668395996094,20.859375,445.0973205566406,-247.90267944335938,-20.46875,7.24,507.83575439453125,-191.16424560546875,65.0,1.3.6.1.4.1.14519.5.2.1.6279.6001.724251104254976962355686318345,285.16949462890625,-365.46014404296875,-135.85011291503906
277.4573974609375,-582.0426025390625,-11.2421875,298.63763427734375,-563.8623657226562,-57.0625,7.99,295.39306640625,-568.60693359375,-17.0,1.3.6.1.4.1.14519.5.2.1.6279.6001.826812708000318290301835871780,140.64544677734375,-686.8598022460938,-527.64990234375
578.7249755859375,-261.5250549316406,67.0625,580.200439453125,-261.2995910644531,56.34375,5.31,780.0189819335938,-79.48101043701172,1024.0,1.3.6.1.4.1.14519.5.2.1.6279.6001.826812708000318290301835871780,299.68988037109375,-512.3565063476562,-108.34813690185547
253.45068359375,-247.54931640625,30.296875,271.54718017578125,-233.95281982421875,-6.44921875,8.37,384.769775390625,-188.23020935058594,138.0,1.3.6.1.4.1.14519.5.2.1.6279.6001.868211851413924881662621747734,159.48794555664062,-339.8038024902344,-141.636962890625
341.8410339355469,-284.6589660644531,-37.25,348.3362731933594,-293.6637268066406,-117.9375,5.13,472.0543518066406,-162.94564819335938,83.0,1.3.6.1.4.1.14519.5.2.1.6279.6001.868211851413924881662621747734,213.69491577148438,-429.6116638183594,-262.0971374511719
448.5980529785156,-144.40194702148438,95.5625,465.720947265625,-138.02903747558594,10.671875,6.43,520.7222290039062,-61.77777862548828,115.0,1.3.6.1.4.1.14519.5.2.1.6279.6001.868211851413924881662621747734,250.4970703125,-341.8270263671875,-110.76994323730469
222.16636657714844,-228.58363342285156,6.28515625,241.1483154296875,-236.4766845703125,6.28515625,4.68,443.76739501953125,-3.7326202392578125,238.0,1.3.6.1.4.1.14519.5.2.1.6279.6001.898642529028521482602829374444,139.96786499023438,-331.4030456542969,-94.21534729003906
344.14434814453125,-377.35565185546875,22.296875,338.2167053222656,-368.0332946777344,22.296875,4.58,461.021728515625,-236.47825622558594,126.0,1.3.6.1.4.1.14519.5.2.1.6279.6001.898642529028521482602829374444,214.65737915039062,-441.5951843261719,-16.237266540527344
